22/4/2024,7:16:54,kareem,admin,me@gmail.com,+201234567891,-1
24/4/2024,8:7:35,kareem,admin,me@gmail.com,+201234567891,-1
18/5/2024,23:35:40,kareem,admin,me@gmail.com,+20123891,-1
18/5/2024,23:35:54,mohamed,admin2,mo@gmail.com,+201267891,-1
15/6/2024,4:10:28,kareem,admin,me@gmail.com,+20123891,17
15/6/2024,4:11:20,kareem,admin,me@gmail.com,+20123891,17
15/6/2024,4:12:12,kareem,admin,me@gmail.com,+20123891,17
15/6/2024,4:15:22,kareem,admin,me@gmail.com,+20123891,17
15/6/2024,4:15:46,kareem,admin,me@gmail.com,+20123891,17
15/6/2024,4:17:18,kareem,admin,me@gmail.com,+20123891,17
15/6/2024,4:19:23,kareem,admin,me@gmail.com,+20123891,17
15/6/2024,4:19:47,kareem,admin,me@gmail.com,+20123891,17
15/6/2024,4:20:29,kareem,admin,me@gmail.com,+20123891,17
15/6/2024,4:21:31,kareem,admin,me@gmail.com,+20123891,17
15/6/2024,4:22:24,kareem,admin,me@gmail.com,+20123891,17
